--------------------------------------------------------
--  File created - Tuesday-February-03-2015   
--------------------------------------------------------
--------------------------------------------------------
--  DDL for Table AUDIT_INFO
--------------------------------------------------------

  CREATE TABLE "AUDIT_INFO" 
   (	"ID" NUMBER(10,0), 
	"HOSTNAME" VARCHAR2(100), 
	"IPADDRESS" VARCHAR2(100), 
	"VIEWDATE" DATE, 
	"VIEWDATEANDTIME" TIMESTAMP (6), 
	"BROWSER" VARCHAR2(100), 
	"SYSTEMUSERNAME" VARCHAR2(256), 
	"USERAGENT" VARCHAR2(256), 
	"VISTORRANID" VARCHAR2(256), 
	"OSNAME" VARCHAR2(250)
   ) ;
--------------------------------------------------------
--  DDL for Table ITEM_INFO
--------------------------------------------------------

  CREATE TABLE "ITEM_INFO" 
   (	"ITEM_ID" NUMBER(10,0), 
	"COMMENTS" VARCHAR2(255), 
	"TAKEN_DATE" DATE, 
	"ITEAMNAME" VARCHAR2(255), 
	"ITEM_TAKEN_PERSON_NAME" VARCHAR2(255), 
	"PERSONS_WITH" VARCHAR2(255), 
	"PRICE" FLOAT(126), 
	"WHERE_PURCHASE" VARCHAR2(255), 
	"TAKEN_TIME" DATE, 
	"TAKING_PALCE" VARCHAR2(255), 
	"UPDATE_BY" VARCHAR2(255), 
	"UPDATED_TIME" DATE, 
	"USERNAME" VARCHAR2(255)
   ) ;
--------------------------------------------------------
--  DDL for Table USERS
--------------------------------------------------------

  CREATE TABLE "USERS" 
   (	"NAME" VARCHAR2(255), 
	"ACCOUNTSTATUS" VARCHAR2(255), 
	"CONSECUTIVELOGINFAILURES" NUMBER(10,0), 
	"EMAIL" VARCHAR2(255), 
	"EXPIRATIONDATE" DATE, 
	"EXPIREPASSWORD" NUMBER(10,0), 
	"FULLNAME" VARCHAR2(255), 
	"LASTLOGIN" DATE, 
	"LAST_MODIFIED_TIME" DATE, 
	"LASTPASSWORDCHANGEDATE" DATE, 
	"LAST_UPDATED_BY" VARCHAR2(255), 
	"PASSWORD" VARCHAR2(255), 
	"PAST_PASSWORDS" VARCHAR2(255), 
	"PHONE" VARCHAR2(255), 
	"ROLE" VARCHAR2(255), 
	"USER_COMMENT" VARCHAR2(255), 
	"USER_ID" NUMBER(10,0)
   ) ;
--------------------------------------------------------
--  DDL for Table USER_ROLE
--------------------------------------------------------

  CREATE TABLE "USER_ROLE" 
   (	"ID" NUMBER(10,0), 
	"NAME" VARCHAR2(60), 
	"DESCRIPTION" VARCHAR2(255)
   ) ;

---------------------------------------------------
--   DATA FOR TABLE AUDIT_INFO
--   FILTER = none used
---------------------------------------------------
REM INSERTING into AUDIT_INFO
Insert into AUDIT_INFO (ID,HOSTNAME,IPADDRESS,VIEWDATE,VIEWDATEANDTIME,BROWSER,SYSTEMUSERNAME,USERAGENT,VISTORRANID,OSNAME) values (1,null,null,null,null,null,null,null,null,null);
Insert into AUDIT_INFO (ID,HOSTNAME,IPADDRESS,VIEWDATE,VIEWDATEANDTIME,BROWSER,SYSTEMUSERNAME,USERAGENT,VISTORRANID,OSNAME) values (2,'VLM1H8YXW1','192.168.0.101',to_timestamp('03-FEB-15 10.34.51.000000000 AM','DD-MON-RR HH.MI.SS.FF AM'),to_timestamp('03-FEB-15 10.34.51.701000000 AM','DD-MON-RR HH.MI.SS.FF AM'),'MSIE',null,'Mozilla/4.0 (compatible; MSIE 8.0; Windows NT 6.1; Trident/4.0; SLCC2; .NET CLR 2.0.50727; .NET CLR 3.5.30729; .NET CLR 3.0.30729; Media Center PC 6.0; .NET4.0C; .NET4.0E; Tablet PC 2.0)','10998992451421100100110989997','Windows 7');
Insert into AUDIT_INFO (ID,HOSTNAME,IPADDRESS,VIEWDATE,VIEWDATEANDTIME,BROWSER,SYSTEMUSERNAME,USERAGENT,VISTORRANID,OSNAME) values (3,'VLM1H8YXW1','192.168.0.101',to_timestamp('03-FEB-15 12.06.56.000000000 PM','DD-MON-RR HH.MI.SS.FF AM'),to_timestamp('03-FEB-15 12.06.56.258000000 PM','DD-MON-RR HH.MI.SS.FF AM'),'MSIE',null,'Mozilla/4.0 (compatible; MSIE 8.0; Windows NT 6.1; Trident/4.0; SLCC2; .NET CLR 2.0.50727; .NET CLR 3.5.30729; .NET CLR 3.0.30729; Media Center PC 6.0; .NET4.0C; .NET4.0E; Tablet PC 2.0)','19942111431111101114599100197109','Windows 7');
Insert into AUDIT_INFO (ID,HOSTNAME,IPADDRESS,VIEWDATE,VIEWDATEANDTIME,BROWSER,SYSTEMUSERNAME,USERAGENT,VISTORRANID,OSNAME) values (4,'VLM1H8YXW1','192.168.0.101',to_timestamp('03-FEB-15 12.07.18.000000000 PM','DD-MON-RR HH.MI.SS.FF AM'),to_timestamp('03-FEB-15 12.07.18.872000000 PM','DD-MON-RR HH.MI.SS.FF AM'),'Chrome',null,'Mozilla/5.0 (Windows NT 6.1) AppleWebKit/537.36 (KHTML, like Gecko) Chrome/39.0.2171.71 Safari/537.36','1004210013824341991111097','Windows 7');
Insert into AUDIT_INFO (ID,HOSTNAME,IPADDRESS,VIEWDATE,VIEWDATEANDTIME,BROWSER,SYSTEMUSERNAME,USERAGENT,VISTORRANID,OSNAME) values (5,'VLM1H8YXW1','192.168.0.101',to_timestamp('03-FEB-15 12.26.58.000000000 PM','DD-MON-RR HH.MI.SS.FF AM'),to_timestamp('03-FEB-15 12.26.58.622000000 PM','DD-MON-RR HH.MI.SS.FF AM'),'MSIE',null,'Mozilla/4.0 (compatible; MSIE 8.0; Windows NT 6.1; Trident/4.0; SLCC2; .NET CLR 2.0.50727; .NET CLR 3.5.30729; .NET CLR 3.0.30729; Media Center PC 6.0; .NET4.0C; .NET4.0E; Tablet PC 2.0)','11110011045111994421094211044542','Windows 7');
Insert into AUDIT_INFO (ID,HOSTNAME,IPADDRESS,VIEWDATE,VIEWDATEANDTIME,BROWSER,SYSTEMUSERNAME,USERAGENT,VISTORRANID,OSNAME) values (6,'VLM1H8YXW1','192.168.0.101',to_timestamp('03-FEB-15 12.31.42.000000000 PM','DD-MON-RR HH.MI.SS.FF AM'),to_timestamp('03-FEB-15 12.31.42.426000000 PM','DD-MON-RR HH.MI.SS.FF AM'),'MSIE',null,'Mozilla/4.0 (compatible; MSIE 8.0; Windows NT 6.1; Trident/4.0; SLCC2; .NET CLR 2.0.50727; .NET CLR 3.5.30729; .NET CLR 3.0.30729; Media Center PC 6.0; .NET4.0C; .NET4.0E; Tablet PC 2.0)','10911129997497431004424431','Windows 7');
Insert into AUDIT_INFO (ID,HOSTNAME,IPADDRESS,VIEWDATE,VIEWDATEANDTIME,BROWSER,SYSTEMUSERNAME,USERAGENT,VISTORRANID,OSNAME) values (7,'VLM1H8YXW1','192.168.0.101',to_timestamp('03-FEB-15 12.48.34.000000000 PM','DD-MON-RR HH.MI.SS.FF AM'),to_timestamp('03-FEB-15 12.48.34.628000000 PM','DD-MON-RR HH.MI.SS.FF AM'),'MSIE',null,'Mozilla/4.0 (compatible; MSIE 8.0; Windows NT 6.1; Trident/4.0; SLCC2; .NET CLR 2.0.50727; .NET CLR 3.5.30729; .NET CLR 3.0.30729; Media Center PC 6.0; .NET4.0C; .NET4.0E; Tablet PC 2.0)','984989810919742110110431109797','Windows 7');
Insert into AUDIT_INFO (ID,HOSTNAME,IPADDRESS,VIEWDATE,VIEWDATEANDTIME,BROWSER,SYSTEMUSERNAME,USERAGENT,VISTORRANID,OSNAME) values (8,'VLM1H8YXW1','192.168.0.101',to_timestamp('03-FEB-15 12.52.08.000000000 PM','DD-MON-RR HH.MI.SS.FF AM'),to_timestamp('03-FEB-15 12.52.08.310000000 PM','DD-MON-RR HH.MI.SS.FF AM'),'MSIE',null,'Mozilla/4.0 (compatible; MSIE 8.0; Windows NT 6.1; Trident/4.0; SLCC2; .NET CLR 2.0.50727; .NET CLR 3.5.30729; .NET CLR 3.0.30729; Media Center PC 6.0; .NET4.0C; .NET4.0E; Tablet PC 2.0)','981110111111498411110010998100110','Windows 7');
Insert into AUDIT_INFO (ID,HOSTNAME,IPADDRESS,VIEWDATE,VIEWDATEANDTIME,BROWSER,SYSTEMUSERNAME,USERAGENT,VISTORRANID,OSNAME) values (9,'VLM1H8YXW1','192.168.0.101',to_timestamp('03-FEB-15 12.58.25.000000000 PM','DD-MON-RR HH.MI.SS.FF AM'),to_timestamp('03-FEB-15 12.58.25.869000000 PM','DD-MON-RR HH.MI.SS.FF AM'),'MSIE',null,'Mozilla/4.0 (compatible; MSIE 8.0; Windows NT 6.1; Trident/4.0; SLCC2; .NET CLR 2.0.50727; .NET CLR 3.5.30729; .NET CLR 3.0.30729; Media Center PC 6.0; .NET4.0C; .NET4.0E; Tablet PC 2.0)','389743989911145443109451103845','Windows 7');
Insert into AUDIT_INFO (ID,HOSTNAME,IPADDRESS,VIEWDATE,VIEWDATEANDTIME,BROWSER,SYSTEMUSERNAME,USERAGENT,VISTORRANID,OSNAME) values (10,'VLM1H8YXW1','192.168.0.101',to_timestamp('03-FEB-15 01.01.54.000000000 PM','DD-MON-RR HH.MI.SS.FF AM'),to_timestamp('03-FEB-15 01.01.54.560000000 PM','DD-MON-RR HH.MI.SS.FF AM'),'MSIE',null,'Mozilla/4.0 (compatible; MSIE 8.0; Windows NT 6.1; Trident/4.0; SLCC2; .NET CLR 2.0.50727; .NET CLR 3.5.30729; .NET CLR 3.0.30729; Media Center PC 6.0; .NET4.0C; .NET4.0E; Tablet PC 2.0)','210021113845974229942992109','Windows 7');
Insert into AUDIT_INFO (ID,HOSTNAME,IPADDRESS,VIEWDATE,VIEWDATEANDTIME,BROWSER,SYSTEMUSERNAME,USERAGENT,VISTORRANID,OSNAME) values (11,'VLM1H8YXW1','192.168.0.101',to_timestamp('03-FEB-15 05.05.02.000000000 PM','DD-MON-RR HH.MI.SS.FF AM'),to_timestamp('03-FEB-15 05.05.02.893000000 PM','DD-MON-RR HH.MI.SS.FF AM'),'MSIE',null,'Mozilla/4.0 (compatible; MSIE 8.0; Windows NT 6.1; Trident/4.0; SLCC2; .NET CLR 2.0.50727; .NET CLR 3.5.30729; .NET CLR 3.0.30729; Media Center PC 6.0; .NET4.0C; .NET4.0E; Tablet PC 2.0)','99459910911142984100454510998109','Windows 7');
Insert into AUDIT_INFO (ID,HOSTNAME,IPADDRESS,VIEWDATE,VIEWDATEANDTIME,BROWSER,SYSTEMUSERNAME,USERAGENT,VISTORRANID,OSNAME) values (12,'VLM1H8YXW1','192.168.0.101',to_timestamp('03-FEB-15 05.19.14.000000000 PM','DD-MON-RR HH.MI.SS.FF AM'),to_timestamp('03-FEB-15 05.19.14.414000000 PM','DD-MON-RR HH.MI.SS.FF AM'),'MSIE',null,'Mozilla/4.0 (compatible; MSIE 8.0; Windows NT 6.1; Trident/4.0; SLCC2; .NET CLR 2.0.50727; .NET CLR 3.5.30729; .NET CLR 3.0.30729; Media Center PC 6.0; .NET4.0C; .NET4.0E; Tablet PC 2.0)','11010910010942991112459710942111','Windows 7');
Insert into AUDIT_INFO (ID,HOSTNAME,IPADDRESS,VIEWDATE,VIEWDATEANDTIME,BROWSER,SYSTEMUSERNAME,USERAGENT,VISTORRANID,OSNAME) values (13,'VLM1H8YXW1','192.168.0.101',to_timestamp('03-FEB-15 05.20.51.000000000 PM','DD-MON-RR HH.MI.SS.FF AM'),to_timestamp('03-FEB-15 05.20.51.508000000 PM','DD-MON-RR HH.MI.SS.FF AM'),'MSIE',null,'Mozilla/4.0 (compatible; MSIE 8.0; Windows NT 6.1; Trident/4.0; SLCC2; .NET CLR 2.0.50727; .NET CLR 3.5.30729; .NET CLR 3.0.30729; Media Center PC 6.0; .NET4.0C; .NET4.0E; Tablet PC 2.0)','10938442109197109989911198991','Windows 7');

---------------------------------------------------
--   END DATA FOR TABLE AUDIT_INFO
---------------------------------------------------


---------------------------------------------------
--   DATA FOR TABLE ITEM_INFO
--   FILTER = none used
---------------------------------------------------
REM INSERTING into ITEM_INFO
Insert into ITEM_INFO (ITEM_ID,COMMENTS,TAKEN_DATE,ITEAMNAME,ITEM_TAKEN_PERSON_NAME,PERSONS_WITH,PRICE,WHERE_PURCHASE,TAKEN_TIME,TAKING_PALCE,UPDATE_BY,UPDATED_TIME,USERNAME) values (4,'NA',to_timestamp('29-JAN-15 12.00.00.000000000 AM','DD-MON-RR HH.MI.SS.FF AM'),'3 Caries','badmin','ALL',6,'Ap Bhavan',to_timestamp('03-FEB-15 10.55.05.000000000 AM','DD-MON-RR HH.MI.SS.FF AM'),'Ap Bhavan','badmin',to_timestamp('03-FEB-15 10.55.05.000000000 AM','DD-MON-RR HH.MI.SS.FF AM'),'aadmin');
Insert into ITEM_INFO (ITEM_ID,COMMENTS,TAKEN_DATE,ITEAMNAME,ITEM_TAKEN_PERSON_NAME,PERSONS_WITH,PRICE,WHERE_PURCHASE,TAKEN_TIME,TAKING_PALCE,UPDATE_BY,UPDATED_TIME,USERNAME) values (1,'NA',to_timestamp('27-JAN-15 12.00.00.000000000 AM','DD-MON-RR HH.MI.SS.FF AM'),'2 Caries','aadmin','ALL',4,'Ap Bhavan',to_timestamp('03-FEB-15 10.50.16.000000000 AM','DD-MON-RR HH.MI.SS.FF AM'),'Ap Bhavan','aadmin',to_timestamp('03-FEB-15 10.50.16.000000000 AM','DD-MON-RR HH.MI.SS.FF AM'),'aadmin');
Insert into ITEM_INFO (ITEM_ID,COMMENTS,TAKEN_DATE,ITEAMNAME,ITEM_TAKEN_PERSON_NAME,PERSONS_WITH,PRICE,WHERE_PURCHASE,TAKEN_TIME,TAKING_PALCE,UPDATE_BY,UPDATED_TIME,USERNAME) values (2,'NA',to_timestamp('28-JAN-15 12.00.00.000000000 AM','DD-MON-RR HH.MI.SS.FF AM'),'RICE Bag','aadmin','ALL',13,'Care 4 Four',to_timestamp('03-FEB-15 10.52.56.000000000 AM','DD-MON-RR HH.MI.SS.FF AM'),'Care 4 Four','aadmin',to_timestamp('03-FEB-15 10.52.56.000000000 AM','DD-MON-RR HH.MI.SS.FF AM'),'aadmin');
Insert into ITEM_INFO (ITEM_ID,COMMENTS,TAKEN_DATE,ITEAMNAME,ITEM_TAKEN_PERSON_NAME,PERSONS_WITH,PRICE,WHERE_PURCHASE,TAKEN_TIME,TAKING_PALCE,UPDATE_BY,UPDATED_TIME,USERNAME) values (3,'NA',to_timestamp('28-JAN-15 12.00.00.000000000 AM','DD-MON-RR HH.MI.SS.FF AM'),'3 Caries','aadmin','ALL',6,'Ap Bhavan',to_timestamp('03-FEB-15 10.53.45.000000000 AM','DD-MON-RR HH.MI.SS.FF AM'),'Ap Bhavan','aadmin',to_timestamp('03-FEB-15 10.53.45.000000000 AM','DD-MON-RR HH.MI.SS.FF AM'),'aadmin');
Insert into ITEM_INFO (ITEM_ID,COMMENTS,TAKEN_DATE,ITEAMNAME,ITEM_TAKEN_PERSON_NAME,PERSONS_WITH,PRICE,WHERE_PURCHASE,TAKEN_TIME,TAKING_PALCE,UPDATE_BY,UPDATED_TIME,USERNAME) values (5,'NA',to_timestamp('30-JAN-15 12.00.00.000000000 AM','DD-MON-RR HH.MI.SS.FF AM'),'2 Caries','badmin','ALL',4,'Ap Bhavan',to_timestamp('03-FEB-15 10.56.33.000000000 AM','DD-MON-RR HH.MI.SS.FF AM'),'Ap Bhavan','badmin',to_timestamp('03-FEB-15 10.56.33.000000000 AM','DD-MON-RR HH.MI.SS.FF AM'),'aadmin');
Insert into ITEM_INFO (ITEM_ID,COMMENTS,TAKEN_DATE,ITEAMNAME,ITEM_TAKEN_PERSON_NAME,PERSONS_WITH,PRICE,WHERE_PURCHASE,TAKEN_TIME,TAKING_PALCE,UPDATE_BY,UPDATED_TIME,USERNAME) values (6,'NA',to_timestamp('31-JAN-15 12.00.00.000000000 AM','DD-MON-RR HH.MI.SS.FF AM'),'3 Caries','aadmin','Only Me',6,'Ap Bhavan',to_timestamp('03-FEB-15 10.58.02.000000000 AM','DD-MON-RR HH.MI.SS.FF AM'),'Ap Bhavan','aadmin',to_timestamp('03-FEB-15 10.58.02.000000000 AM','DD-MON-RR HH.MI.SS.FF AM'),'aadmin');
Insert into ITEM_INFO (ITEM_ID,COMMENTS,TAKEN_DATE,ITEAMNAME,ITEM_TAKEN_PERSON_NAME,PERSONS_WITH,PRICE,WHERE_PURCHASE,TAKEN_TIME,TAKING_PALCE,UPDATE_BY,UPDATED_TIME,USERNAME) values (7,'NA',to_timestamp('01-FEB-15 12.00.00.000000000 AM','DD-MON-RR HH.MI.SS.FF AM'),'2 Caries & 1 Chicken','cadmin','badmin & aadmin',9,'Ap Bhnavan',to_timestamp('03-FEB-15 10.59.13.000000000 AM','DD-MON-RR HH.MI.SS.FF AM'),'Ap Bhnavan','cadmin',to_timestamp('03-FEB-15 10.59.13.000000000 AM','DD-MON-RR HH.MI.SS.FF AM'),'aadmin');
Insert into ITEM_INFO (ITEM_ID,COMMENTS,TAKEN_DATE,ITEAMNAME,ITEM_TAKEN_PERSON_NAME,PERSONS_WITH,PRICE,WHERE_PURCHASE,TAKEN_TIME,TAKING_PALCE,UPDATE_BY,UPDATED_TIME,USERNAME) values (8,'Paid 5RM badmin & 1 RM cadmin',to_timestamp('01-FEB-15 12.00.00.000000000 AM','DD-MON-RR HH.MI.SS.FF AM'),'3 Caries ','badmin','badmin & cadmin',5,'Ap Bhavan',to_timestamp('03-FEB-15 11.01.19.000000000 AM','DD-MON-RR HH.MI.SS.FF AM'),'Ap Bhavan','badmin',to_timestamp('03-FEB-15 11.01.19.000000000 AM','DD-MON-RR HH.MI.SS.FF AM'),'aadmin');
Insert into ITEM_INFO (ITEM_ID,COMMENTS,TAKEN_DATE,ITEAMNAME,ITEM_TAKEN_PERSON_NAME,PERSONS_WITH,PRICE,WHERE_PURCHASE,TAKEN_TIME,TAKING_PALCE,UPDATE_BY,UPDATED_TIME,USERNAME) values (9,'NA',to_timestamp('02-FEB-15 12.00.00.000000000 AM','DD-MON-RR HH.MI.SS.FF AM'),'2 Caries','aadmin','admin',4,'Ap bhavan',to_timestamp('03-FEB-15 11.02.55.000000000 AM','DD-MON-RR HH.MI.SS.FF AM'),'Ap bhavan','aadmin',to_timestamp('03-FEB-15 11.02.55.000000000 AM','DD-MON-RR HH.MI.SS.FF AM'),'aadmin');
Insert into ITEM_INFO (ITEM_ID,COMMENTS,TAKEN_DATE,ITEAMNAME,ITEM_TAKEN_PERSON_NAME,PERSONS_WITH,PRICE,WHERE_PURCHASE,TAKEN_TIME,TAKING_PALCE,UPDATE_BY,UPDATED_TIME,USERNAME) values (10,'1 RM Paid by cadmin & 5 RM paid by badmin',to_timestamp('01-FEB-15 12.00.00.000000000 AM','DD-MON-RR HH.MI.SS.FF AM'),'3 Caries','cadmin','badmin & cadmin',1,'AP Bhanavan',to_timestamp('03-FEB-15 11.28.40.000000000 AM','DD-MON-RR HH.MI.SS.FF AM'),'AP Bhanavan','cadmin',to_timestamp('03-FEB-15 11.28.40.000000000 AM','DD-MON-RR HH.MI.SS.FF AM'),'aadmin');

---------------------------------------------------
--   END DATA FOR TABLE ITEM_INFO
---------------------------------------------------


---------------------------------------------------
--   DATA FOR TABLE USERS
--   FILTER = none used
---------------------------------------------------
REM INSERTING into USERS
Insert into USERS (NAME,ACCOUNTSTATUS,CONSECUTIVELOGINFAILURES,EMAIL,EXPIRATIONDATE,EXPIREPASSWORD,FULLNAME,LASTLOGIN,LAST_MODIFIED_TIME,LASTPASSWORDCHANGEDATE,LAST_UPDATED_BY,PASSWORD,PAST_PASSWORDS,PHONE,ROLE,USER_COMMENT,USER_ID) values ('cadmin','ACTIVE',0,'cadmin@gmail.com',to_timestamp('04-APR-15 10.45.47.000000000 AM','DD-MON-RR HH.MI.SS.FF AM'),59,'cadmin',to_timestamp('03-FEB-15 10.45.47.000000000 AM','DD-MON-RR HH.MI.SS.FF AM'),to_timestamp('03-FEB-15 05.34.01.000000000 PM','DD-MON-RR HH.MI.SS.FF AM'),to_timestamp('03-FEB-15 10.45.47.000000000 AM','DD-MON-RR HH.MI.SS.FF AM'),'cadmin','c49adf37e0b94bc4160658a56d7c3f','c49adf37e0b94bc4160658a56d7c3f','9009134521','ADMIN','Your account is creating',43985);
Insert into USERS (NAME,ACCOUNTSTATUS,CONSECUTIVELOGINFAILURES,EMAIL,EXPIRATIONDATE,EXPIREPASSWORD,FULLNAME,LASTLOGIN,LAST_MODIFIED_TIME,LASTPASSWORDCHANGEDATE,LAST_UPDATED_BY,PASSWORD,PAST_PASSWORDS,PHONE,ROLE,USER_COMMENT,USER_ID) values ('aadmin','ACTIVE',0,'aadmin@gmail.com',to_timestamp('04-APR-15 10.46.15.000000000 AM','DD-MON-RR HH.MI.SS.FF AM'),59,'aadmin',to_timestamp('03-FEB-15 10.46.15.000000000 AM','DD-MON-RR HH.MI.SS.FF AM'),to_timestamp('03-FEB-15 05.34.01.000000000 PM','DD-MON-RR HH.MI.SS.FF AM'),to_timestamp('03-FEB-15 10.46.15.000000000 AM','DD-MON-RR HH.MI.SS.FF AM'),'aadmin','8cbc4232a9221049eeb969ae0ffc853','8cbc4232a9221049eeb969ae0ffc853','9009134521','ADMIN','Your account is creating',15449);
Insert into USERS (NAME,ACCOUNTSTATUS,CONSECUTIVELOGINFAILURES,EMAIL,EXPIRATIONDATE,EXPIREPASSWORD,FULLNAME,LASTLOGIN,LAST_MODIFIED_TIME,LASTPASSWORDCHANGEDATE,LAST_UPDATED_BY,PASSWORD,PAST_PASSWORDS,PHONE,ROLE,USER_COMMENT,USER_ID) values ('badmin','ACTIVE',0,'badmin@gmail.com',to_timestamp('04-APR-15 10.47.14.000000000 AM','DD-MON-RR HH.MI.SS.FF AM'),59,'badmin',to_timestamp('03-FEB-15 10.47.14.000000000 AM','DD-MON-RR HH.MI.SS.FF AM'),to_timestamp('03-FEB-15 05.34.01.000000000 PM','DD-MON-RR HH.MI.SS.FF AM'),to_timestamp('03-FEB-15 10.47.14.000000000 AM','DD-MON-RR HH.MI.SS.FF AM'),'badmin','964da1bb7b272873b318b23573c2fc3','964da1bb7b272873b318b23573c2fc3','9009134521','ADMIN','Your account is creating',44503);

---------------------------------------------------
--   END DATA FOR TABLE USERS
---------------------------------------------------


---------------------------------------------------
--   DATA FOR TABLE USER_ROLE
--   FILTER = none used
---------------------------------------------------
REM INSERTING into USER_ROLE

---------------------------------------------------
--   END DATA FOR TABLE USER_ROLE
---------------------------------------------------

--------------------------------------------------------
--  Constraints for Table USER_ROLE
--------------------------------------------------------

  ALTER TABLE "USER_ROLE" MODIFY ("ID" NOT NULL ENABLE);
--------------------------------------------------------
--  Constraints for Table USERS
--------------------------------------------------------

  ALTER TABLE "USERS" MODIFY ("NAME" NOT NULL ENABLE);
 
  ALTER TABLE "USERS" ADD PRIMARY KEY ("NAME") ENABLE;
--------------------------------------------------------
--  Constraints for Table AUDIT_INFO
--------------------------------------------------------

  ALTER TABLE "AUDIT_INFO" ADD PRIMARY KEY ("ID") ENABLE;
--------------------------------------------------------
--  Constraints for Table ITEM_INFO
--------------------------------------------------------

  ALTER TABLE "ITEM_INFO" MODIFY ("ITEM_ID" NOT NULL ENABLE);
 
  ALTER TABLE "ITEM_INFO" ADD PRIMARY KEY ("ITEM_ID") ENABLE;




